batch_id,revision,batch_exported_at,record_ref,source_type,source_id,person,person_email,date,started_at,duration_seconds,talk_time_seconds,direction,observed_outcome,external_id,title,provider,attendee_count,recording_status,transcript_available,transcript_turns_count,transcript_text,raw_summary
initial-001,1,2026-08-22T09:00:00+05:30,B01,call,4868e5cd-5ab8-581c-a0e4-acc37385f0cf,Arun,arun@example.com,2026-08-21,2026-08-21T18:29:29Z,8,5,outbound,voicemail,EXT-00001,,,0,,False,0,,
initial-001,1,2026-08-22T09:00:00+05:30,B02,call,5747e4cd-e24f-5bed-bf74-9e3f326b2d77,Leela,leela@example.com,2026-08-21,2026-08-21T18:29:19Z,20,20,inbound,unresponsive,EXT-00002,,,0,,False,0,,
initial-001,1,2026-08-22T09:00:00+05:30,B03,call,024caffc-d16e-5843-b325-682dbc8d448e,Arun,arun@example.com,2026-08-21,2026-08-21T18:29:02Z,4,4,outbound,voicemail,EXT-00003,,,0,,False,0,,
initial-001,1,2026-08-22T09:00:00+05:30,B04,call,530207ea-d67b-521a-8085-bdb9ae665417,Arun,arun@example.com,2026-08-21,2026-08-21T18:28:37Z,8,4,outbound,voicemail,EXT-00004,,,0,,False,0,,
initial-001,1,2026-08-22T09:00:00+05:30,B05,call,903641e9-d761-591a-a149-334ddfcd236e,Leela,leela@example.com,2026-08-21,2026-08-21T18:28:35Z,5,5,outbound,voicemail,EXT-00005,,,0,,False,0,,
initial-001,1,2026-08-22T09:00:00+05:30,B06,call,53f61c95-27b9-50c2-8755-08f957594950,Leela,leela@example.com,2026-08-21,2026-08-21T18:27:56Z,17,17,inbound,unresponsive,EXT-00006,,,0,,False,0,,
initial-001,1,2026-08-22T09:00:00+05:30,B07,call,f9be8537-1ad9-58fc-be24-78f73d09db9c,Arun,arun@example.com,2026-08-21,2026-08-21T18:27:31Z,3,3,outbound,voicemail,EXT-00007,,,0,,False,0,,
initial-001,1,2026-08-22T09:00:00+05:30,B08,call,77350513-913c-5fed-b4e6-71009de9df03,Leela,leela@example.com,2026-08-21,2026-08-21T18:26:51Z,21,21,inbound,unresponsive,EXT-00008,,,0,,False,0,,
initial-001,1,2026-08-22T09:00:00+05:30,B09,call,747390bc-f359-5609-bf79-0a44ef8919bd,Arun,arun@example.com,2026-08-21,2026-08-21T18:26:43Z,26,5,outbound,voicemail,EXT-00009,,,0,,False,0,,
initial-001,1,2026-08-22T09:00:00+05:30,B10,call,3ea930a1-0496-51e3-9dca-adc3be29331a,Arun,arun@example.com,2026-08-21,2026-08-21T18:25:52Z,10,7,outbound,voicemail,EXT-00010,,,0,,False,0,,
initial-001,1,2026-08-22T09:00:00+05:30,B11,call,bfefcb48-1a98-5610-a0ee-0f03434188a9,Leela,leela@example.com,2026-08-21,2026-08-21T18:25:44Z,26,26,inbound,unresponsive,EXT-00011,,,0,,False,0,,
initial-001,1,2026-08-22T09:00:00+05:30,B12,call,9a64eb58-d462-5a6e-aa9e-c0f88852ebe0,Arun,arun@example.com,2026-08-21,2026-08-21T18:25:21Z,10,4,outbound,voicemail,EXT-00012,,,0,,False,0,,
initial-001,1,2026-08-22T09:00:00+05:30,B13,call,6521ed7d-53fc-5b3b-be77-7d4610c90ed7,Arun,arun@example.com,2026-08-21,2026-08-21T18:24:21Z,4,5,outbound,voicemail,EXT-00013,,,0,,False,0,,
initial-001,1,2026-08-22T09:00:00+05:30,B14,call,81da63f4-eac6-5efd-95e1-69ad6e6def25,Leela,leela@example.com,2026-08-21,2026-08-21T18:23:44Z,9,9,outbound,unresponsive,EXT-00014,,,0,,False,0,,
initial-001,1,2026-08-22T09:00:00+05:30,B15,call,2ada5ab0-8a84-54b7-a071-cd5bd6ad5abd,Arun,arun@example.com,2026-08-21,2026-08-21T18:23:36Z,22,4,outbound,voicemail,EXT-00015,,,0,,False,0,,
initial-001,1,2026-08-22T09:00:00+05:30,B16,call,1f5181ed-4175-5d73-a16b-01d404b1820d,Leela,leela@example.com,2026-08-21,2026-08-21T18:23:29Z,4,4,outbound,voicemail,EXT-00016,,,0,,False,0,,
initial-001,1,2026-08-22T09:00:00+05:30,B17,call,1645d595-1896-5201-9395-cb8a9f1c5f3a,Arun,arun@example.com,2026-08-21,2026-08-21T18:22:59Z,9,4,outbound,voicemail,EXT-00017,,,0,,False,0,,
initial-001,1,2026-08-22T09:00:00+05:30,B18,call,26c3ccc3-63a6-55f6-a5a3-e279b36b7e88,Arun,arun@example.com,2026-08-21,2026-08-21T18:21:58Z,31,4,outbound,voicemail,EXT-00018,,,0,,False,0,,
initial-001,1,2026-08-22T09:00:00+05:30,B19,call,6ee11c0e-c74a-5805-b552-657443378b72,Arun,arun@example.com,2026-08-21,2026-08-21T18:21:24Z,10,4,outbound,voicemail,EXT-00019,,,0,,False,0,,
initial-001,1,2026-08-22T09:00:00+05:30,B20,call,94b4f015-b243-5b89-b435-9957125ecdd4,Leela,leela@example.com,2026-08-21,2026-08-21T18:21:02Z,3,3,outbound,voicemail,EXT-00020,,,0,,False,0,,
initial-001,1,2026-08-22T09:00:00+05:30,C01,call,2ec4404c-beee-5377-a63c-aab701da08ed,Arun,arun@example.com,2026-08-21,2026-08-21T18:11:25Z,99,90,outbound,uninterested,EXT-00021,,,0,,True,1,"Hello, Pranav here. Hi Pranav, Arun calling from SpendNest. I wanted to ask about Harborlight Advisory. Sorry, who is this? Arun from SpendNest. I was hoping to discuss Harborlight Advisory with you. Why are you calling? We work with outsourced finance leadership firms and—no, I asked why you have called me. Right, I wanted to understand whether a partnership might be relevant. I don't know how I ended up on your list. I didn't ask for this call, and I'm not interested. This number is for my work, not for people to sell things to me. I understand. This is business outreach, and we were hoping to—it's still a cold call, isn't it? Yes, it is. Then where did you find my details? Through a professional networking outreach programme; that's how we obtained the contact information. I realise this was unexpected and that you aren't happy about being contacted. If you are willing—just briefly, what does your company actually do? We partner with firms providing part-time finance leadership and look at ways to automate their finance operations. Our service can help with that. Our processes are already very automated. We have a fairly advanced setup, so I don't think this is something we need. Thanks anyway. All right, thank you for hearing me out. Goodbye.",
initial-001,1,2026-08-22T09:00:00+05:30,C02,call,4b870624-8aad-5315-a60e-0db95981cf99,Arun,arun@example.com,2026-08-21,2026-08-21T17:44:02Z,105,103,outbound,ooo,EXT-00022,,,0,,True,1,"Good morning, you've reached Fernhaven Group. Kavya speaking. How may I help? Hello Kavya. Could I speak with Leela, please? Leela? Let me check whether she is around. Please hold for a moment. Of course, thank you. It looks as though she isn't in the office today. Would you like to leave a message with me, or would you prefer her voicemail? Her voicemail would be fine, thank you. Certainly, I'll put you through to the mailbox now. Thanks for calling. Thank you for your help.",
initial-001,1,2026-08-22T09:00:00+05:30,C03,call,20d509ba-d589-5334-9aef-ea4ce6105b1a,Kiran,kiran@example.com,2026-08-21,2026-08-21T16:47:07Z,215,215,outbound,follow_up,EXT-00023,,,0,,True,1,"Please say your name after the signal and the screening service will try to connect you. Hello? Hi Milan, Kiran here from SpendNest. How are you? Sorry, I can hardly hear you. Who is this? Kiran. We discussed developer access a while ago, and you asked for about five weeks before following up. I don't want to cut you off, but the sound is very faint. Can you hear me any better now? Slightly, yes. I'm calling about the API access your development team was considering. Have you got an order reference? No, this is SpendNest, about your team's API requirement. Ah, yes, now I remember. Sorry. We did ask about some developer functionality, but it isn't essential enough for us to spend much on it. I would need to check with the team. If they sent something, perhaps we are still interested, but the last conversation was more about leaving things as they were. I can't quite remember. When we last spoke, price was a concern. I said you could tell me the budget you had in mind and we could explore whether there was a workable option. You were going to discuss that internally. I'm struggling to catch what you're saying. I'm outside, and it may be my phone. Could we do this by email? Or call on Monday a bit earlier, when I'm back indoors? I can email you. Would you be able to respond there? I'll also try you on Monday. What subject should I look for? Something like “Developer access and event notifications — follow-up”. Right, let's do that. I think the connection problem is on my side; I'm travelling and using roaming. Send the email and we can speak Monday or Tuesday. All right, I'll send it over. Sorry again about the audio. No problem at all. Thank you, take care.",
initial-001,1,2026-08-22T09:00:00+05:30,C04,call,bcdcbf56-d338-5c78-9a97-42c2fc1c9931,Arun,arun@example.com,2026-08-21,2026-08-21T14:22:29Z,95,95,outbound,voicemail,EXT-00024,,,0,,True,1,"Please record your name and the purpose of your call so the recipient can decide whether to answer. Arun from SpendNest, following up on our earlier conversation about expense software for Lanternpath Media. Thank you. Please hold. The person you called is unavailable. You may leave a further message after the signal. Hello, this is a message for Ritesh. Arun from SpendNest here. I'm following up on your consideration of our expense platform for Lanternpath Media. My understanding is that our information first went to the wrong email address. We subsequently used the corrected address you gave us, and I hope you have now had a chance to see it. Please call me back to let me know where things stand. If you've decided whether to move forward, or if there are questions we can answer to help you decide, I'd be happy to discuss them. You can reach me on [phone withheld]. I hope to hear from you when you have an update. Thank you.",
initial-001,1,2026-08-22T09:00:00+05:30,C05,call,75a6b94f-7717-5cfb-9e41-0acc94415e17,Meera,meera@example.com,2026-08-21,2026-08-21T12:35:16Z,165,165,outbound,follow_up,EXT-00025,,,0,,True,1,"Hello? Good evening. Who's speaking? Meera here. To be upfront, this is an introductory sales call. Could I have about forty seconds to explain? I can't hear properly; there's an echo. Is the sound clearer now? A little. Go ahead. I'll be brief. I'm with SpendNest. We offer expense software to bring purchasing and vendor processes together: approvals, documents and payments, with a dashboard showing where money is being spent. For companies operating several stores, we also offer cards so they can see spending by location. What exactly is the product? Software for managing store expenses, using controlled cards and instant-payment accounts with spending limits and approval steps. What else does it cover? Vendor management as well. You can keep suppliers on the platform and route their bills for approval before paying them. We already have that. Understood. Does your current system also execute the vendor payments? Yes, it does. Okay. We also have store-level instant payments, with individual budgets and approval controls. We have that too. It sounds as though your existing setup covers a lot. May I ask which platform you're using? There are several. One is StoreHarbor, and we use others too. What I suggest is that you send me your presentation. If we ever decide to change the providers we already have, we could consider it then. Certainly. I have an email address noted down; may I confirm contact05@example.com? Yes, that is right. Thanks for your time. Enjoy the rest of your evening. Thank you, goodbye.",
initial-001,1,2026-08-22T09:00:00+05:30,C06,call,12216d5c-e254-52c6-b344-47de4c6e1ae5,Meera,meera@example.com,2026-08-21,2026-08-21T12:31:11Z,153,153,outbound,uninterested,EXT-00026,,,0,,True,1,"Hello? Good evening, Mr Nikhil. Good evening. Ravi here. I'll say at the start that this is a cold call. Could I take about forty seconds to explain the purpose? If it isn't relevant, you can end the call. What is it about? I'll keep it short. We work with retail and distribution businesses that want to replace manual handling of store expenses and supplier payments. SpendNest brings invoices, vendor payments and documents into one dashboard. You can see which location is spending what, manage different branches together and separate expenses by department. The idea is to give management visibility while making approvals and payment releases easier for finance and operations. We already have many of those things in place. If there is something we need from you in future, we can contact you. Of course. One final question, so others from our organisation don't keep bothering you about something you already have: I understand you have more than a hundred and twenty stores. Do managers use company cards, or are local expenses handled through cash advances? We have quite a lot of automation, with a mixed model where needed. The essential processes are automated and connected through our business management system. Head office manages it, and we have full visibility. That is why I said the arrangements are already in place. If a particular need comes up later, we will reach out. All right. With our cards and instant payments, we provide similar visibility—there is also a separate department here monitoring this every day. Understood. Thank you for explaining, and thank you for your time. Thanks. Goodbye.",
initial-001,1,2026-08-22T09:00:00+05:30,C07,call,428817fa-7e9e-5418-a7d4-bb396d28dfbf,Dev,dev@example.com,2026-08-21,2026-08-21T12:22:28Z,193,193,outbound,follow_up,EXT-00027,,,0,,True,1,"Hello, is this Mr Aditya at Willowbank Advisory? Yes. Dev calling from SpendNest. Is this an okay time for a conversation? Yes, go ahead. Thank you. I wanted to ask about a possible partnership. Do you help clients incorporate companies overseas as well as domestically? We support several overseas jurisdictions, yes. And do you help those companies open accounts after incorporation? The reason I ask is that SpendNest offers virtual accounts for businesses once the company has been formed. Are you an accounting firm handling their ongoing compliance? No, not an accounting firm. Think of providers such as CloudLedger Accounts or Clearport Money: an account a business can use to receive and send payments. So a business account? Something like an online payments provider? Similar in some respects, though not exactly the same. I see. How can we help? We'd like to partner with advisory firms such as yours so your clients can access a virtual business account after incorporation. Do you currently refer clients to providers for that part of the process? Yes, that is something we normally do. So you help arrange accounts, and would those typically be digital accounts rather than accounts at physical banks? Hello? Sorry, could you message me on our chat app and send whatever proposal you have? Certainly. Is this the same number you use for messages? Yes. All right, I'll send the details there. Once you've received them, could I call on Monday to see whether you'd like to discuss it further? Yes, that's fine. Thank you for your time.",
initial-001,1,2026-08-22T09:00:00+05:30,C08,call,129497b2-8e1d-5e01-919c-e8a852b5ff68,Meera,meera@example.com,2026-08-21,2026-08-21T11:53:22Z,201,201,outbound,referred,EXT-00028,,,0,,True,1,"Hello? Good evening, Mr Raghav. Good evening. Meera speaking. This is a cold introduction, and I'd like about forty seconds to explain why I'm calling. What is it regarding? I'm from SpendNest. We help companies bring fragmented expense and payables processes together: supplier records, invoice processing, local expenses, advances and reimbursements. Cards and instant payments can have spending limits, so the company can see what each fulfilment location or manager is spending. The same system can hold documents, schedule payments and route approvals, leaving a record of the activity. Is this an enterprise management system? We position it alongside one. Your existing system may handle accounts, records and approvals; we provide payment execution and related records, with connections back to that system. All right, I understand. Let me give you an email address. Could you send a proposal there? Absolutely. The colleague handling our people operations also deals with frontline processes and the locations. I think we may have been looking at a solution, but I don't know the details. There have been some discussions. If you send him a proposal and say you spoke with me, he can take a look. Certainly. Let me write the address down. It's contact08@example.com. Could you repeat that? contact08@example.com. Let me read it back to make sure I have the right address: contact08@example.com? Yes, that's correct. Okay, I'll send the information there. Hopefully there is something useful to explore. Fine, thank you. Thank you for your time. Have a good evening. Goodbye.",
initial-001,1,2026-08-22T09:00:00+05:30,C09,call,4a1de681-f884-55e8-b1ad-de22d17cd959,Meera,meera@example.com,2026-08-21,2026-08-21T11:26:03Z,143,143,outbound,referred,EXT-00029,,,0,,True,1,"Hello, good evening, Mr Vedant. Good evening. Meera here. To be clear, this is a cold call. Could I take about forty seconds to explain the reason? If it's not relevant, you can stop me. All right. I'm with SpendNest, an expense platform. We work with businesses operating multiple stores, and I understand you have roughly a hundred and thirty locations. We bring store expenses, petty cash and supplier payments into one view, using controlled instant payments and invoice processing. Budgets and spending limits help management see who is spending what, while approval steps govern outgoing expenses. We have developed our own software internally, so at present we aren't looking for anything outside the organisation. I understand. Just one question so another colleague doesn't call you again about the same thing: does your internal system only record expenses and approvals, or does it also make the payments? I don't know the detail. Our central team handles this. If you want to speak to somebody about it, you can find our business head, Mr Rishabh, on a professional networking site. He would be able to explain our requirements and whether there are any gaps in the software. Understood. Would it be all right if I mentioned your name when contacting him? No, please don't use my name. Of course, no problem. That is why I wanted to ask first. Thank you for pointing me in the right direction. Thank you. Have a good day. You too. Goodbye.",
initial-001,1,2026-08-22T09:00:00+05:30,C10,call,b747f592-810e-583c-9b81-8db5ab035806,Meera,meera@example.com,2026-08-21,2026-08-21T11:21:15Z,109,109,outbound,follow_up,EXT-00030,,,0,,True,1,"Hello? Hello, good evening, Mr Aniket. Yes? Meera here. Could I briefly explain why I'm calling? What is this about? We work with companies that want to move vendor handling and invoice processing away from manual steps. SpendNest brings together scheduled payments and approval workflows so managers can see more of what is happening across operations and finance. Are you calling about Meadowbrick? Yes, that's right. I don't work there anymore. I'm sorry about that. Are you with a different organisation now? Yes. Is it in the same sector, or have you moved into a different area? It is different. Manufacturing. Understood. We also work with manufacturing businesses, because expense management can help—why don't you just send me a brief on the messaging app? I'll look at it and come back to you. Certainly. To make it relevant, would accounts payable and supplier management be the part to focus on, or—send an explanation of what you do. I will get back to you. All right, I'll do that. Would a follow-up call on Monday or Tuesday next week be okay, in case you have any questions? No. I said I will contact you if there is anything to discuss. Understood. Thank you for your time, Mr Aniket. Thank you. Take care. Goodbye.",
initial-001,1,2026-08-22T09:00:00+05:30,M01,meeting,cb5cecac-e68d-52b7-b10b-b0c748efc467,team06@example.com,team06@example.com,2026-08-21,2026-08-21T13:00:00Z,1121,0,,,cb5cecac-e68d-52b7-b10b-b0c748efc467,Harborpath Advisory / SpendNest discussion,google_meet,1,recorded,True,28,"[Partner A 00:02:43]: My understanding was that you help people open bank accounts remotely. That is what I wanted to explore for the clients coming through Harborpath Advisory.
[Team member A 00:02:53]: Yes, with one important boundary: we work with registered businesses, not individuals opening personal accounts. Is the business use case what you had in mind?
[Partner A 00:03:13]: I am open to whatever I can sensibly offer our clients. Tell me what the actual product is and how the arrangement works.
[Team member A 00:03:17]: For businesses with a US entity, SpendNest offers virtual accounts and wallets in several currencies. There are corporate cards as well, and an expense platform for businesses with more transactions. Expenses can sync into accounting tools. But I want to repeat the registered-business point before we get into the rest.
[Team member A 00:04:45]: Are you already recommending other digital account providers? I am trying to understand what you currently do for clients who need this.
[Partner A 00:05:02]: Yes, I use some myself and recommend them. Usually I receive nothing for the recommendation. If there is a sensible commercial arrangement here, that is interesting to me.
[Team member A 00:05:18]: Let me show you the partner commission slide, the customer pricing and the onboarding requirements. We had a short slot; can you stay a little longer if needed?
[Partner A 00:06:04]: A bit longer is fine. But I do not need a detailed explanation of every feature. Send me the presentation or a document and I can use AI to work through the material.
[Team member A 00:06:25]: Understood. The activation payment is USD 260 when a referred company gets its account approved by our compliance partners. The cards option also has an interchange revenue share and a bonus based on the customer's spending during the first 60 days. For example, USD 6,500–32,500 of spend earns a USD 195 bonus; the next bracket through USD 130,000 earns USD 390. There is also a volume bonus for every fifth successful referral.
[Team member A 00:08:26]: Customer pricing is separate from your commission. On the card plan there is a USD 38 monthly charge below USD 2,600 of monthly card spending. Above that threshold the plan fee is waived. The bank-transfer plan uses outgoing transfer volume rather than the number of users. There are introductory offers too, so I will put the exact terms in writing rather than expect you to remember this slide.
[Team member A 00:10:18]: Any questions on that before I cover what a referred business must provide?
[Partner A 00:10:26]: No, let us get the partner onboarding started.
[Team member A 00:10:29]: For you, we send a memorandum to sign. For customers, approval needs incorporation and tax documents, identity documents, an ownership chart and a website. Another important point is evidence of US operations or intended operations: contracts, service agreements or similar material. A newly formed business may not have that yet. I do not want a referral to be surprised later when compliance asks for it.
[Partner A 00:12:38]: Okay, that distinction makes sense.
[Team member A 00:12:41]: Normally you introduce a business by email and our sales team holds a short demo. That checks that what the business needs actually matches what SpendNest provides.
[Partner A 00:13:37]: How do we track that? Is there a referral link, a code, or am I writing an introduction each time?
[Team member A 00:13:50]: I can share a sheet that shows the leads you referred, where they are in onboarding and the commission associated with them.
[Partner A 00:14:11]: That is the tracking, but how do I send the lead in? Is there a link they can use?
[Team member A 00:14:17]: An email introduction is our usual starting point. I can also provide a unique referral link if that is easier for your process.
[Partner A 00:14:43]: It cannot depend on me manually writing every email. This needs to scale when people discover the offer through us.
[Team member A 00:14:50]: Then let us use the unique link. They fill in the business information, then go through to arranging a demo with our team. The shared sheet would still show their onboarding status and the relevant commission.
[Partner A 00:15:34]: Okay, that is closer to what I need.
[Team member A 00:15:39]: Two limitations to include in your material: receiving funds here means bank transfers, not directly taking card payments from customers. A business can use a separate card-payment processor and settle into its account. It also needs a way to fund the account, either an international transfer from its own bank or incoming customer funds, before making outgoing payments.
[Partner A 00:17:20]: The main thing is to have all of that written down, with the link and contact route. Then I can prepare a product page and make the offer available quickly.
[Team member A 00:17:37]: I will send the documents and the information discussed here.
[Partner A 00:17:43]: Later, perhaps we could record a podcast with someone who can explain the product well. That could help us introduce it.
[Team member A 00:17:56]: Yes, I can connect you with marketing about that. We can also explore featuring Harborpath Advisory on our partner page and promoting the services through our business channels.
[Partner A 00:18:23]: Good. I look forward to the information so we can take it from there.",
initial-001,1,2026-08-22T09:00:00+05:30,M02,meeting,1a21c409-c050-5787-90af-2667e057e1b6,team07@example.com,team07@example.com,2026-08-21,2026-08-21T11:30:00Z,3113,0,,,1a21c409-c050-5787-90af-2667e057e1b6,LedgerBridge / SpendNest discussion,google_meet,1,recorded,True,36,"[Team member A 00:05:22]: I work on strategy and partnerships at SpendNest. We serve businesses with cards and accounts payable, and we are developing accounts receivable. We want to understand whether LedgerBridge can give us compliant invoicing coverage across our operating markets. My colleague leads the product side.
[Supplier A 00:06:34]: Then I will cover the market strategy as well as the technical integration. Are you more interested in generating invoice PDFs or in electronic invoicing through the relevant networks?
[Team member B 00:08:43]: Electronic invoicing is the bigger opportunity. Customers already have approved invoice layouts. The manual part is taking that information into separate portals, both when issuing and receiving invoices.
[Supplier A 00:09:21]: That helps narrow the initial markets. We can also support voluntary electronic invoicing before a mandate. Do you already know which customers require that?
[Team member B 00:10:04]: I would need to check. I do not have a reliable answer on that specific requirement yet.
[Team member B 00:10:48]: There is also a US reporting use case around certain non-payroll payments. Is that included, or is it a different service?
[Supplier A 00:11:09]: That is a reporting requirement rather than our standard invoicing flow. We sometimes handle such needs as custom projects. Our core scope is compliant invoicing, so please keep that distinction in mind.
[Team member A 00:12:30]: We want customers to issue and receive invoices in a compliant way without adding another disconnected platform. With the receivables module coming, this could make the overall product more complete and encourage customers to stay with us.
[Supplier A 00:14:18]: So this is a strategic product extension. Is there also direct demand, rather than only a positioning idea?
[Team member A 00:14:34]: Sorry, the connection dropped. Let me repeat the important part. We are seeing larger prospects in our pipeline, and a more complete package could help with those conversations. It is not limited to them, but that is part of the motivation.
[Supplier A 00:17:28]: Has management decided to invest in this, or are you still deciding whether the project should exist at all?
[Team member B 00:17:44]: The view is that electronic invoicing will become more common. We want to start preparing before requirements force us into a rushed implementation.
[Team member A 00:18:55]: We are aiming for the fourth quarter. We would start with Singapore and Australia, then India. We are hoping one integration lets us expand without building the whole thing again.
[Supplier A 00:19:38]: And if that fourth-quarter date slips, what happens internally?
[Team member B 00:19:56]: There are several projects competing for that quarter. Early next year is possible if the work moves. We intend to build the capability, but I would not describe the quarter as an immovable deadline.
[Team member A 00:21:17]: We have prospects discussing requirements with us and some willingness to pilot once it is available. This will be a new module, so those conversations are still developing.
[Supplier A 00:22:07]: I will send a volume template: countries, small versus larger customers, invoices issued and invoices received. That will let us calculate a proposal and the likely cost per customer.
[Team member A 00:23:27]: Received invoice volumes can be based on current accounts-payable usage. Issued volumes will be estimates because the receivables product is still being built. We should not present those two columns as equally certain.
[Supplier A 00:25:33]: On the demonstration, the same invoice object goes through a sequence of steps. Those steps can create a PDF, create the local electronic format and distribute it. Returned documents and status are available through the API. Country-specific requirements still exist, but the intention is to keep most of your integration consistent.
[Team member B 00:30:05]: Where do we learn which fields are required in each region before submitting an invoice? That is the part I want to understand beyond the happy-path demonstration.
[Supplier A 00:30:24]: The playground exposes local fields, and we help during integration. You register each end customer and keep its returned connection key. That customer identity and country tell us which localisation to apply when you submit the invoice.
[Supplier A 00:32:40]: Some countries also require customer-specific credentials. For others our network connection handles that part. The management dashboard lets you inspect setup, invoices and the transition from testing to production.
[Team member B 00:34:09]: Can we receive invoices through the network as well, or is this only the issuing side?
[Supplier A 00:34:17]: Receiving is supported too. Enable the relevant incoming channels, then retrieve invoice identifiers and their standardised data using the customer's key. The original documents are available as links. The local document parsing happens on our side.
[Team member B 00:37:48]: Will we have a readable PDF preview, or do we need to build one from the raw invoice data ourselves?
[Supplier A 00:38:12]: If a PDF is supplied, we expose it. Otherwise we can generate one. We have also standardised different incoming document formats for customers who want a consistent presentation across countries.
[Supplier A 00:40:16]: You can try the sandbox using the documentation and an AI coding assistant. Register for a test key first and include the relevant application context. Let me know how the experiment goes.
[Team member A 00:41:57]: The product direction looks relevant. Commercially, are we paying for actions, invoice volume, countries, customers, or some combination? We need to understand the structure before taking this further.
[Supplier A 00:42:52]: There are two models: country licences with transaction usage, or licences per end customer with included usage and volume tiers. We need your numbers before recommending one.
[Team member A 00:44:23]: And the commercial relationship is between SpendNest and LedgerBridge? We are providing this to our customers through our product, rather than asking them to buy from you separately.
[Supplier A 00:45:53]: Correct. There is also a one-time setup charge. The basic setup begins at EUR 2,600; a more supported implementation starts at EUR 6,500, and larger projects are scoped separately. The initial setup covers the markets together, rather than charging it again for each expansion.
[Team member A 00:47:14]: Could you send the proposal before the commercial call? We need to brief management and decide which stakeholders should attend.
[Supplier A 00:47:45]: I prefer walking through the proposal. If people only receive a pricing page, they may miss the value and the differences between the two models.
[Team member A 00:48:33]: Our evaluation goes through product fit, the business reason, commercials, then references and support checks. Written pricing helps us follow that process internally. I understand your concern, but we still need to take the numbers back.
[Supplier A 00:50:29]: Let us have a short explanation call after you complete the template. You can capture the details for your management discussion, and we can decide who needs to join the next conversation.
[Supplier A 00:51:24]: I will send the template shortly so we can get that started.",
initial-001,1,2026-08-22T09:00:00+05:30,M03,meeting,398672e7-62dd-5afd-846d-0237d49792fb,team08@example.com,team08@example.com,2026-08-21,2026-08-21T09:30:00Z,2958,0,,,398672e7-62dd-5afd-846d-0237d49792fb,Asterloom Systems / SpendNest discussion,google_meet,1,recorded,True,36,"[Customer A 00:02:49]: We spoke a while ago. My finance colleague is joining today because we need to understand how this would actually work, and then revisit the price.
[Team member A 00:04:23]: SpendNest can handle corporate cards, employee payments and accounting integration. I understand travel and smaller operating expenses are the immediate use case. Before the demonstration, what would you particularly like to see?
[Customer B 00:06:04]: Cards first. Our overseas team already has a provider they like. Here we reimburse employees through an existing expense portal with approvals. Show us how introducing your cards fits that process; we are not currently shopping for vendor payments.
[Team member A 00:07:34]: The domestic cards are prepaid. The business funds a shared wallet, invites employees and sets card limits after identity checks. You can see transactions and receipts in the dashboard.
[Customer B 00:10:04]: At present employees spend personally and we reimburse them. Monthly spending might be around INR 10–13 lakh, but that needs checking. First we need to establish whether the workflow fits.
[Customer A 00:11:04]: Wait, these are prepaid? I had thought about a corporate credit card. So we put money in before anyone spends, and there is no credit facility on these domestic cards?
[Team member A 00:11:27]: That is right for this option. The money is in the company wallet and the card transactions draw against it.
[Customer A 00:11:52]: If I load INR 6.5 lakh, everyone draws from that pool, subject to the limits we give them? A person travelling more does not need a separate deposit tied to their card?
[Customer B 00:12:55]: Please show the expense approval part. I am not asking about approving a card limit. Today an employee submits an expense report, it passes through our approval levels, and only then is it paid. We still need the accounting discipline after issuing cards.
[Team member A 00:14:05]: With a company card they are no longer paying personally, so there is no reimbursement request unless they have had to pay another way.
[Customer A 00:14:47]: Yes, but that does not remove our need to review the spending. We do not want to inspect unexplained transactions one at a time. People still need to explain the business purpose and provide evidence.
[Team member A 00:15:46]: You can require a receipt and a memo. Missing evidence remains visible against the transaction. The employee uploads from the app or web, and the approver can inspect the details.
[Customer B 00:18:40]: Take one transaction through the whole flow. The employee spends, uploads the receipt, and then what happens? Does it actually come to someone for approval?
[Team member A 00:18:55]: It appears in the review section. The money has already been spent, but the reviewer can approve or flag the transaction and check the evidence.
[Customer A 00:20:07]: That is closer to what we use elsewhere. After that approval, we want the item to reach our accounting system for reconciliation.
[Team member A 00:21:40]: You can select transactions and sync them. If you need automatic syncing after approval, that is something we can build. I am showing the current manual selection here; the automatic flow would need that additional work.
[Customer A 00:23:24]: Then we should still be able to distinguish recorded spending from spending with completed review. Otherwise we lose visibility into what is outstanding.
[Customer B 00:24:59]: And setting a limit does not lock that exact amount away for one employee? Okay, so it is a spending control and the balance stays shared. The funding transfer itself is something we initiate.
[Customer A 00:27:01]: We are happy with the existing overseas provider. Virtual cards for a specific team activity have worked well there. I am not asking to replace that arrangement now.
[Team member A 00:28:28]: For spending outside India, these domestic cards would not be the solution. There is a separate bank-issued international credit-card route with eligibility requirements. Let us keep that separate from the domestic option we are discussing.
[Customer A 00:29:35]: For the domestic option, what is the minimum spend and what does the fee depend on?
[Team member A 00:29:59]: There is no minimum spending requirement. In the first monthly spending band, up to INR 13 lakh, the annual charge for the cards arrangement would be INR 39,000 plus tax.
[Customer A 00:30:41]: But you previously told me INR 26,000. Why has that become INR 39,000?
[Team member A 00:30:43]: I included the integration setup in that number. To separate it: INR 26,000 plus tax is the recurring annual subscription, and INR 13,000 is the one-time accounting integration setup.
[Customer A 00:31:05]: Okay, I want the proposal to be attractive, including that setup charge. We have been discussing this for a long time and still need to decide whether it is the right tool. My colleague will finish the questions, then we will discuss internally.
[Customer B 00:32:17]: We need help now, but would start with perhaps four or five employees. Some people hesitate to personally fund large travel bookings even when reimbursement is quick. We want to see the feedback and workflow before widening usage.
[Team member A 00:34:28]: Who else needs to approve this? Would it help to walk them through it as well?
[Customer B 00:34:43]: Our CFO approves the larger payments. We need to explain the proposal to them; that part is still ahead of us.
[Customer B 00:35:39]: Most employees will not get a card. Do I then keep the old expense system for the people with one or two occasional claims?
[Team member A 00:36:17]: Those employees could use our reimbursement module. The card and reimbursement users can be on the same platform, though the modules and charges need to be clear.
[Customer B 00:39:49]: So reimbursement is an additional module? I want to confirm that ordinary review of a card transaction does not require us to buy reimbursement as well.
[Team member A 00:40:42]: Correct. Reviewing the card expense is part of the card workflow. Bank transfers and reimbursements are a separate commercial discussion.
[Customer B 00:41:01]: For accounting categories, I do not trust every employee to pick the right code. We would need finance to do that before syncing, rather than relying on employees to get it right.
[Customer B 00:43:11]: We are a small growing company, roughly 65 employees. Efficiency matters more than a precise budget, but I do not want to disrupt what works. The external team processes vendor payments manually and it is expensive. That might be relevant later. I would have to confirm the volume—perhaps INR 26–39 lakh a month, with rent a large part.
[Team member A 00:47:39]: I will send the cards proposal and information about the other modules. Could we arrange a follow-up next week?
[Customer B 00:48:43]: Send the details first. We need time with the CFO and will tell you if another call is needed. Let us make that decision internally before scheduling more.",
initial-001,1,2026-08-22T09:00:00+05:30,M04,meeting,b0f79b3d-37ba-52f9-b2bc-58b159dd6d91,team09@example.com,team09@example.com,2026-08-21,2026-08-21T09:00:00Z,1985,0,,,b0f79b3d-37ba-52f9-b2bc-58b159dd6d91,Cedarwave Distribution / SpendNest discussion,google_meet,1,recorded,True,32,"[Team member A 00:00:51]: I wanted to discuss the migration while there is still time to plan it. We should cover the present situation, the next steps and any feedback from your side.
[Team member A 00:01:30]: Much of your usage is physical-card spending. We have seen acceptance problems with the existing programme and are proposing a move to a different provider and card network. We already operate that alternative programme, including a wallet-payment option.
[Customer A 00:03:17]: I thought the wallet-payment option was coming to our existing cards too. Is that not what was being discussed?
[Team member A 00:03:23]: It is not available on the current network in this arrangement. The programme we are moving to supports it. The plan is to close the old programme in the coming weeks, so we need to organise the transition.
[Customer A 00:04:33]: Does that mean the current physical cards and virtual cards will both stop working?
[Team member A 00:04:38]: Yes, under that programme. Users need to complete identity checks again because the provider changes. We can create the new account in parallel so you do not need to shut the current cards before starting the setup.
[Customer A 00:05:44]: Before we do all that, there was another problem: connecting this application with our people and expense system. We did not think that integration was possible.
[Team member A 00:06:07]: We do have integration support. Let us clarify which part you need rather than assume the whole connection is unavailable.
[Customer A 00:06:12]: Also, will the replacement be a proper credit card? We do not really want another prepaid arrangement indefinitely.
[Team member A 00:06:21]: The replacement I described is still prepaid. I do not want to promise that this becomes a credit card in the near term.
[Customer A 00:07:17]: Give me a moment to check internally. Okay, I have confirmed it: moving from prepaid to credit is the main issue for us. At some stage we will have to consider another option for that.
[Team member A 00:09:56]: My view is that the expense-platform alternatives still depend on banks for credit. Some alternatives are considerably more expensive. We have a bank partnership for corporate credit cards, subject to the bank's assessment. That is different from us changing the prepaid product into credit.
[Customer A 00:12:22]: We have been trying through our existing bank. Perhaps we get credit cards for around 26 people and keep SpendNest prepaid cards for the others.
[Team member A 00:12:39]: We passed the earlier enquiry to the bank, but it was put on hold from your side. We can revisit it. The bank has spending and turnover criteria. The software layer can provide transaction visibility, receipts and review if the supported cards are connected.
[Customer A 00:13:46]: To be clear, that bank option would actually be credit, with us paying the bank separately, while the other employees could remain prepaid?
[Team member A 00:13:49]: Yes, that is the distinction. Both types could be visible in the same workspace, although the control and funding arrangements are different.
[Customer A 00:14:54]: Let me bring in someone from our credit team. They know what is already in place and can help decide whether this is worth progressing.
[Customer A 00:17:50]: We are discussing the planned card migration. The replacement is still prepaid, but there may be a way to connect our bank-issued credit cards to the SpendNest application.
[Team member A 00:18:54]: The bank issues and controls the credit. After the relevant agreement and network consent, transaction details can come into our platform after settlement. Users can then attach receipts and send items for review. It is not the same as our real-time prepaid feed.
[Customer A 00:24:04]: Can those transactions also sync into our accounting system? That was part of the problem before.
[Team member A 00:24:08]: Many transaction fields can sync, but source-balance reconciliation is a question in this setup. I need the team to confirm feasibility for your bank-card transactions rather than say the existing prepaid integration automatically covers it.
[Customer B 00:24:32]: We already have a corporate credit line of about INR 1.3 crore. Cards are issued to only a few people so far. We were waiting for the bank administration portal before attempting the accounting integration. If your platform can sit in between, we should understand that route.
[Team member A 00:25:44]: I will check whether your already-issued cards can join the transaction-feed programme. If that is possible, the next steps are the agreement, network approval and linking the cards to users. I cannot confirm the existing-card eligibility on this call.
[Customer B 00:27:08]: Would it show our available credit limit as well as the transactions? We need to know what is available to spend.
[Team member A 00:27:11]: No, the proposed feed shows transaction details after settlement. The bank retains that control, so the available limit would not be shown here in the way it is for cards we issue.
[Customer B 00:27:36]: Then what do we gain by adding SpendNest? We can already see transactions in the bank portal.
[Team member A 00:27:48]: The additional layer is collecting receipts and business reasons, reviewing exceptions, attaching project information and reconciling alongside prepaid spending. Accounting integration could add value too, but that specific bank-card path still needs checking.
[Team member A 00:29:56]: Please discuss the options internally. We can plan a mix of bank credit cards, prepaid cards or wallet payments, depending on your decision. I will confirm the eligibility and accounting questions with the programme team.
[Customer A 00:31:25]: We will speak with the relevant people internally and see whether this is the direction we want. We are not deciding the whole migration on this call.
[Customer A 00:31:48]: There is also the earlier issue with moving users between departments. The current department setup has become confusing and needs correcting.
[Team member A 00:32:08]: I cannot move those users directly from the assistant view available to me. We can arrange a session to guide you through it and verify which departments and users should move before changing anything.
[Customer A 00:32:45]: Okay. I will come back to you on that as well.",
initial-001,1,2026-08-22T09:00:00+05:30,M05,meeting,e0ecb112-ed94-5e8e-ae71-19def5536337,team08@example.com,team08@example.com,2026-08-21,2026-08-21T06:30:00Z,987,0,,,e0ecb112-ed94-5e8e-ae71-19def5536337,SpendNest setup - Pinehaven Studio,google_meet,1,recorded,False,0,,
initial-001,1,2026-08-22T09:00:00+05:30,M06,meeting,657b9e9d-9472-5b01-a127-a648ad7e8cf7,team10@example.com,team10@example.com,2026-08-21,2026-08-21T06:30:00Z,2197,0,,,657b9e9d-9472-5b01-a127-a648ad7e8cf7,Mapletrail Services / SpendNest discussion,google_meet,1,recorded,True,33,"[Team member A 00:02:26]: Good to speak after connecting professionally. I work on finance at SpendNest, and part of my interest is how finance teams spend their time. We have expense workflows and are also working on receivables automation. I would like to understand your role before jumping into the product.
[Customer A 00:04:47]: I handle finance for one branch of Mapletrail Services. We do software development and testing. The main office supports me, but locally I cover a broad set of tasks rather than having a separate team for each function.
[Team member A 00:05:43]: How large is finance at the main office? Is that a team you work with daily?
[Customer A 00:05:47]: Roughly 65 people across finance. The business is sizeable, but locally I am the person dealing with the operational questions and getting support from them.
[Team member A 00:06:06]: Are there plans to add people in your branch, or is the present setup expected to continue?
[Customer A 00:06:11]: No expansion planned at the moment. Most operations sit centrally. I look after local payables, receivables, revenue and compliance-related work.
[Customer A 00:09:41]: For supplier payments there is a dedicated team. They manage the purchase-order-to-payment process through our ERP and bank connections. Different people cover payables, receivables and compliance.
[Team member A 00:11:07]: On receivables, how many invoices do you personally handle, and what happens between preparing one and getting paid?
[Customer A 00:11:17]: I cover around eight clients. I speak to delivery managers about what was delivered, check the contract and resource rates, prepare the invoice and get confirmation. Then we send it to the client. Depending on the contract there may be 15- or 30-day terms before the collection follow-up starts.
[Customer A 00:12:24]: When something remains unpaid, the collections team comes back to the delivery manager or to whoever issued it. One expense-recovery invoice has been outstanding for months even though the same client pays the normal service invoices. We still need the delivery manager to establish why that particular item is held up.
[Team member A 00:13:30]: Across the company, roughly how many invoices are we talking about? I mean both the count and the value, if you have an estimate.
[Customer A 00:13:57]: Around 65–78 customers. There may be several projects for each. Initially I would estimate 260–390 invoices a month, with a large total value.
[Team member A 00:14:34]: Sorry, I may have mixed up the value and count. Were you saying only a few invoices for all that revenue, or several invoices for each customer each month?
[Customer A 00:14:45]: Several for each customer, each month. I was not saying that the entire company only sends a handful of invoices.
[Team member A 00:15:04]: So perhaps nearer 390–520 a month overall?
[Customer A 00:15:09]: Approximately. The value is the bigger point, and many are in foreign currency. These are rough numbers in this conversation, not a report I have open.
[Team member A 00:15:26]: It sounds like the manual work is reviewing the contract, checking with delivery and repeatedly following up with the customer. That is the part our collection automation is intended to help with.
[Team member A 00:16:18]: The approach would first understand your process and connect to the relevant systems. The agent would use invoice records, previous emails and the relationship context when preparing a follow-up. It should not just send the same reminder to everyone regardless of the last discussion.
[Team member A 00:18:09]: Different customers use different communication channels and escalation contacts. We would define that sequence with you: who to contact first, how long to wait, and who receives an escalation if there is no response.
[Customer A 00:19:12]: Yes, I follow. That exception would need someone to look at it.
[Team member A 00:19:12]: That should become an exception for a person to review. The agent could point to the relevant contract terms and explain the disputed point. The idea is to put focused actions in front of finance, while also showing expected collections. Those are capabilities we would configure around the process, not a reason to remove human judgment.
[Team member A 00:21:19]: Cash application is another area. For example, if an invoice is INR 1.3 lakh and the payment is INR 1.17 lakh, the difference could be withholding, bank fees or an unresolved dispute. Matching the receipt is not enough; the team needs to know why the difference exists.
[Customer A 00:22:48]: So the repetitive work goes to the system, with the final judgment still coming back to finance?
[Team member A 00:22:55]: Exactly. Do you see scope for that in the current process at Mapletrail Services?
[Customer A 00:23:07]: At present people still track contract terms and bank receipts manually. Automation could save time, especially when we have to wait for one contact and then follow up through another. But the dedicated central team handles much of this today.
[Team member A 00:24:50]: That is the goal: give finance time to analyse and make decisions rather than spending everything on chasing and checking. We would need to understand the actual workflow in more detail.
[Team member A 00:25:47]: We also have the expense side: cards with limits, department budgets and merchant controls, along with supplier payments and reimbursements. A virtual card can be restricted to the particular subscription or purpose for which it was issued.
[Team member A 00:28:07]: Those cards use a shared funded wallet. Receipts and memos remain attached to transactions, and accounting fields can be mapped before syncing. That gives a record of who did what and the supporting documents, rather than only a bank entry.
[Team member A 00:29:59]: For payables, invoices can be captured from uploaded documents or an inbox and go through approval levels. The exact integration and payment flow would need to fit the systems you already use. I can send material about both this and the receivables side.
[Team member A 00:33:40]: After reviewing it, I would be interested in your view on what is useful for your company. Is there anything else you want to clarify today?
[Customer A 00:34:27]: Confidentiality is important. Payment information is sensitive. How is that protected, and is there a risk of somebody interfering with it?
[Team member A 00:34:43]: We have security and compliance controls and certifications around the platform. I understand why you ask; the information is sensitive. I can share the material on our setup as part of the follow-up.
[Customer A 00:35:33]: It has been useful hearing a different perspective. Please send the information and we can stay in touch.",
initial-001,1,2026-08-22T09:00:00+05:30,M07,meeting,4f304fff-fd40-5cfc-a366-0a134c445c2a,team09@example.com,team09@example.com,2026-08-21,2026-08-21T05:30:00Z,1236,0,,,4f304fff-fd40-5cfc-a366-0a134c445c2a,Willowfield Trust / SpendNest discussion,google_meet,1,recorded,False,0,,
initial-001,1,2026-08-22T09:00:00+05:30,M08,meeting,883182d8-eb86-56f9-a928-152365998d15,team08@example.com,team08@example.com,2026-08-21,2026-08-21T04:30:00Z,984,0,,,883182d8-eb86-56f9-a928-152365998d15,SpendNest product demonstration - Amberleaf Health,google_meet,1,recorded,False,0,,
initial-001,1,2026-08-22T09:00:00+05:30,M09,meeting,4b5b9192-f3fc-505a-8e77-4d2ffaa54594,team11@example.com,team11@example.com,2026-08-21,2026-08-21T04:30:00Z,1205,0,,,4b5b9192-f3fc-505a-8e77-4d2ffaa54594,Account setup and workflow discussion,google_meet,1,recorded,True,32,"[Customer A 00:01:53]: I finally have time to return to the account setup. The invitation for Brookmint Holdings did not work when I tried it. It may have expired, or perhaps we can try again together.
[Team member A 00:02:38]: There are two things to cover: getting you into Brookmint Holdings and the accounting issue you reported for Northkite Equipment. Our records show the invitation was sent, but acceptance is not recorded.
[Customer A 00:03:24]: I cannot find the old message in this thread. A fresh link in the conversation we are using now would be easier; the original email is lost among the others.
[Team member A 00:04:14]: I have sent a new reset invitation. Let me know when you receive it so we can see exactly what happens.
[Customer A 00:04:46]: With two company accounts, can I switch between them? I also need to understand which login belongs to which company.
[Team member A 00:05:02]: My understanding was that the original trial included spending for both companies. Is that correct?
[Customer A 00:05:19]: No, only Northkite Equipment used the trial. There was no Brookmint Holdings spending in that period.
[Team member A 00:05:27]: Thank you for correcting that. Going forward, each company's activity belongs in its own account. The current setup uses different email identities for those accounts.
[Customer A 00:06:05]: What happens when I eventually leave? A shared accounts mailbox would stay with the company, whereas my personal work address would not. I am thinking about continuity.
[Team member A 00:06:45]: One option is to add the shared accounts address as an administrator. When you leave, your personal access can be removed and that administrator remains.
[Customer A 00:07:28]: But the accounts-payable officer can read that shared mailbox. Would that give that person the same administrator rights as me?
[Team member A 00:07:43]: If the shared address is configured as an administrator and they can use it, yes, it would have those rights.
[Customer A 00:07:57]: That is what I do not want. Would we need a different address to prevent it?
[Team member A 00:08:04]: A different address is one option. We also have member and accounting roles, plus configurable permissions, so the shared login could have a narrower role instead of administrator access.
[Customer A 00:09:34]: The accounts-payable officer already has an individual login. My concern is that they also have access to the shared mailbox, so their individual role does not stop them using the other identity.
[Team member A 00:10:21]: Understood. If the mailbox remains available to them, an instruction not to use that administrator login would rely on trust. You would need to decide internally how the access is set up.
[Customer A 00:11:23]: I do not want this to depend on trusting someone not to use access that is available. That does not solve the permission problem.
[Team member A 00:11:34]: Then a separate administrator email, or changing the shared account's permissions, is the better route to explore. A future manager can be added and your access removed when responsibility changes.
[Customer A 00:12:01]: I think separate personal work identities for the two companies may be better. Then I can hand over to another manager later. Okay, the reset email has now arrived.
[Team member A 00:12:52]: Share the screen while you try it. The link should let you set a password and then log in with that new password.
[Customer A 00:13:54]: It says the token has expired. This is the fresh message we just received.
[Team member A 00:13:57]: I need to check that with the team. I hope to update you today, or by Monday at the latest. We have not got the Brookmint Holdings login working yet.
[Customer A 00:14:16]: For Northkite Equipment, I managed to undo the accounting change and correct the tax treatment myself. But I have some other workflow questions, and I should probably revisit the training material.
[Customer A 00:15:18]: Only a few people use Northkite Equipment, so the traffic is small. Brookmint Holdings has most of the employees. Before that becomes busy, I need to answer their questions properly instead of finding my way through each screen.
[Team member A 00:15:55]: We can arrange a refresher for you or the other administrators, or you can send the specific questions to me. Let us look at the current example.
[Customer A 00:16:21]: This transaction has no receipt, but the employee says the invoice was entered and saved. They also said they do not have permission to create a supplier in the accounting tool. I am not sure which step they actually completed.
[Team member A 00:17:02]: Open the transaction itself so we can inspect the attachment. I cannot see a receipt on this item yet. You can upload it here and add another document using the additional-attachment option.
[Customer A 00:17:52]: I only have the document in email. I need to save it locally before attaching it. Can I also add the purchase order afterwards?
[Team member A 00:18:01]: The transaction is approved now, but syncing is still a separate step. If you need another attachment before syncing, you can undo the verification, attach it and review it again.
[Customer A 00:18:56]: Okay. I will look through the videos before arranging another session. I will also wait for the update on the login issue.
[Team member A 00:19:23]: I will check the expired-token problem for Brookmint Holdings with the team and aim to return with an update today, otherwise Monday.
[Customer A 00:19:44]: I will speak to our IT team about the separate email identities. Thank you.",
initial-001,1,2026-08-22T09:00:00+05:30,M10,meeting,337f297d-9385-5b82-9e54-5019c1ed912c,team12@example.com,team12@example.com,2026-08-21,2026-08-21T07:30:00Z,1428,0,,,337f297d-9385-5b82-9e54-5019c1ed912c,Billing workflow walkthrough,google_meet,3,recorded,True,20,"[Team member A 00:01:05]: I am finishing another call. Give me a couple of minutes and I will be back for the session.
[Team member B 00:02:00]: I do not think the optional attendee is joining. We can wait for the trainer to return.
[Team member A 00:05:04]: Yesterday we covered the subscription side of billing. Any questions before I show the remaining part, how invoices are generated and cleared?
[Team member B 00:05:16]: I have access to a demo account as an administrator, but I do not have the back-office super-admin access you mentioned.
[Team member A 00:05:44]: Okay. That is a different application. Operations uses it to create accounts, control enabled features and manage billing. I will show what it looks like, rather than ask you to create an invoice yourself.
[Team member A 00:06:37]: Remember the subscription can include fixed, variable and one-time components. There may also be usage charges. When a customer chooses a plan, operations creates the invoice with the customer and plan details.
[Team member A 00:07:16]: The nominal due period is seven days, but we sometimes give the customer until the end of the month. When you report payments, an invoice dated in an earlier month might have been cleared later, so check the dates rather than assuming they match.
[Team member A 00:08:40]: There is a further exception for invoices raised in the last week of the month: the customer may be allowed until the middle of the next month. If that period is exceeded, we may void and reissue. The displayed due date and the allowed collection period are not always the same thing.
[Team member C 00:09:53]: Understood. That explains why the invoice month alone does not tell us when the cash arrived.
[Team member A 00:09:56]: You can add a one-time customisation line as well as the subscription. If only half is being collected upfront, the invoice should describe that instalment instead of making it look like the whole charge.
[Team member A 00:10:41]: The tax presentation can be one integrated line or split components depending on the entity information. The demonstration changes when I update that field. This is part of the configuration the operations team needs to get right.
[Team member A 00:13:07]: After the first payment, we configure the billing cycle for the account. Monthly, quarterly and annual customers do not all receive the same subscription charge every month.
[Team member A 00:15:02]: You will also see zero-value invoices. If a periodic invoice has no subscription charge due and no extra usage component, its value can be zero. That is not automatically a missing payment.
[Team member A 00:15:48]: For the automated engine, invoice generation is at midnight in the customer's local time, with a later scheduled attempt to deduct the balance. Manual invoices are separate. There is a gap between generating an invoice and clearing it.
[Team member A 00:15:48]: Suppose the invoice is INR 6,240 but the wallet contains INR 6,110. The deduction fails and a notification goes out. The system tries three times. Adding money afterwards does not mean it was available when that earlier attempt happened.
[Team member A 00:19:04]: On the third day it tries again, but spending may have reduced the wallet balance. The next attempt can fail too. It repeats on the seventh day, now with a warning that another failure will freeze the account. The account manager receives the notices and can follow up before that point.
[Team member A 00:20:24]: On the tenth day, if there is enough money, the invoice clears and the next billing date moves forward. If it still fails, payments and cards can be blocked, and the billing date stays stuck. Simply topping up a frozen account does not complete the whole recovery flow in this process.
[Team member A 00:20:24]: The customer must tell us, then operations clears the outstanding invoice and unfreezes the account. Operations also needs to adjust the next billing date manually. Clearing the payment without checking that date can leave the next cycle wrong.
[Team member B 00:22:44]: No further question from me on that part.
[Team member A 00:22:46]: I will request the back-office access separately for the next training session. If questions come up when you review the billing examples, send them over and we will take them up.",
initial-001,1,2026-08-22T09:00:00+05:30,M11,meeting,fc651475-187c-5882-a644-b501408e8647,team13@example.com,team13@example.com,2026-08-21,2026-08-21T11:30:00Z,194,0,,,fc651475-187c-5882-a644-b501408e8647,Internal design discussion,google_meet,1,recorded,False,0,,
initial-001,1,2026-08-22T09:00:00+05:30,M12,meeting,c759b921-e9d3-540c-a06b-474c5710342d,arun@example.com,arun@example.com,2026-08-21,2026-08-21T14:30:00Z,1800,0,,,c759b921-e9d3-540c-a06b-474c5710342d,SpendNest setup - Sample account,google_meet,1,cancelled,False,0,,
initial-001,1,2026-08-22T09:00:00+05:30,M13,meeting,794a9d1c-889d-5957-873f-8a1271b03455,team09@example.com,team09@example.com,2026-08-21,2026-08-21T08:30:00Z,3600,0,,,794a9d1c-889d-5957-873f-8a1271b03455,SpendNest <> Cedarwave Distribution - Migration discussion,google_meet,1,not_scheduled,False,0,,
initial-001,1,2026-08-22T09:00:00+05:30,M14,meeting,93f4867d-65cd-5236-bc55-7bd57df8ac24,team14@example.com,team14@example.com,2026-08-21,2026-08-21T07:30:00Z,3600,0,,,93f4867d-65cd-5236-bc55-7bd57df8ac24,CRM demonstration,google_meet,4,cancelled,False,0,,
